{
"code": 200,
"status": "OK",
"data": [
{
"timings": {
"Fajr": "05:11 (+03)",
"Sunrise": "06:31 (+03)",
"Dhuhr": "13:04 (+03)",
"Asr": "16:45 (+03)",
"Sunset": "19:37 (+03)",
"Maghrib": "19:37 (+03)",
"Isha": "20:56 (+03)",
"Imsak": "05:01 (+03)",
"Midnight": "01:04 (+03)",
"Firstthird": "23:15 (+03)",
"Lastthird": "02:53 (+03)"
},
"date": {
"readable": "01 Sep 2022",
"timestamp": "1662012061",
"gregorian": {
"date": "01-09-2022",
"format": "DD-MM-YYYY",
"day": "01",
"weekday": {
"en": "Thursday"
},
"month": {
"number": 9,
"en": "September"
},
"year": "2022",
"designation": {
"abbreviated": "AD",
"expanded": "Anno Domini"
}
},
"hijri": {
"date": "04-02-1444",
"format": "DD-MM-YYYY",
"day": "04",
"weekday": {
"en": "Al Khamees",
"ar": "الخميس"
},
"month": {
"number": 2,
"en": "Ṣafar",
"ar": "صَفَر"
},
"year": "1444",
"designation": {
"abbreviated": "AH",
"expanded": "Anno Hegirae"
},
"holidays": []
}
},
"meta": {
"latitude": 41.0054096,
"longitude": 28.9768138,
"timezone": "Europe/Istanbul",
"method": {
"id": 2,
"name": "Islamic Society of North America (ISNA)",
"params": {
"Fajr": 15,
"Isha": 15
},
"location": {
"latitude": 39.70421229999999,
"longitude": -86.39943869999999
}
},
"latitudeAdjustmentMethod": "ANGLE_BASED",
"midnightMode": "STANDARD",
"school": "STANDARD",
"offset": {
"Imsak": 0,
"Fajr": 0,
"Sunrise": 0,
"Dhuhr": 0,
"Asr": 0,
"Maghrib": 0,
"Sunset": 0,
"Isha": 0,
"Midnight": 0
}
}
},
{
"timings": {
"Fajr": "05:12 (+03)",
"Sunrise": "06:32 (+03)",
"Dhuhr": "13:04 (+03)",
"Asr": "16:45 (+03)",
"Sunset": "19:35 (+03)",
"Maghrib": "19:35 (+03)",
"Isha": "20:54 (+03)",
"Imsak": "05:02 (+03)",
"Midnight": "01:03 (+03)",
"Firstthird": "23:14 (+03)",
"Lastthird": "02:53 (+03)"
},
"date": {
"readable": "02 Sep 2022",
"timestamp": "1662098461",
"gregorian": {
"date": "02-09-2022",
"format": "DD-MM-YYYY",
"day": "02",
"weekday": {
"en": "Friday"
},
"month": {
"number": 9,
"en": "September"
},
"year": "2022",
"designation": {
"abbreviated": "AD",
"expanded": "Anno Domini"
}
},
"hijri": {
"date": "05-02-1444",
"format": "DD-MM-YYYY",
"day": "05",
"weekday": {
"en": "Al Juma'a",
"ar": "الجمعة"
},
"month": {
"number": 2,
"en": "Ṣafar",
"ar": "صَفَر"
},
"year": "1444",
"designation": {
"abbreviated": "AH",
"expanded": "Anno Hegirae"
},
"holidays": []
}
},
"meta": {
"latitude": 41.0054096,
"longitude": 28.9768138,
"timezone": "Europe/Istanbul",
"method": {
"id": 2,
"name": "Islamic Society of North America (ISNA)",
"params": {
"Fajr": 15,
"Isha": 15
},
"location": {
"latitude": 39.70421229999999,
"longitude": -86.39943869999999
}
},
"latitudeAdjustmentMethod": "ANGLE_BASED",
"midnightMode": "STANDARD",
"school": "STANDARD",
"offset": {
"Imsak": 0,
"Fajr": 0,
"Sunrise": 0,
"Dhuhr": 0,
"Asr": 0,
"Maghrib": 0,
"Sunset": 0,
"Isha": 0,
"Midnight": 0
}
}
},
{
"timings": {
"Fajr": "05:14 (+03)",
"Sunrise": "06:33 (+03)",
"Dhuhr": "13:03 (+03)",
"Asr": "16:44 (+03)",
"Sunset": "19:34 (+03)",
"Maghrib": "19:34 (+03)",
"Isha": "20:53 (+03)",
"Imsak": "05:04 (+03)",
"Midnight": "01:03 (+03)",
"Firstthird": "23:13 (+03)",
"Lastthird": "02:53 (+03)"
},
"date": {
"readable": "03 Sep 2022",
"timestamp": "1662184861",
"gregorian": {
"date": "03-09-2022",
"format": "DD-MM-YYYY",
"day": "03",
"weekday": {
"en": "Saturday"
},
"month": {
"number": 9,
"en": "September"
},
"year": "2022",
"designation": {
"abbreviated": "AD",
"expanded": "Anno Domini"
}
},
"hijri": {
"date": "06-02-1444",
"format": "DD-MM-YYYY",
"day": "06",
"weekday": {
"en": "Al Sabt",
"ar": "السبت"
},
"month": {
"number": 2,
"en": "Ṣafar",
"ar": "صَفَر"
},
"year": "1444",
"designation": {
"abbreviated": "AH",
"expanded": "Anno Hegirae"
},
"holidays": []
}
},
"meta": {
"latitude": 41.0054096,
"longitude": 28.9768138,
"timezone": "Europe/Istanbul",
"method": {
"id": 2,
"name": "Islamic Society of North America (ISNA)",
"params": {
"Fajr": 15,
"Isha": 15
},
"location": {
"latitude": 39.70421229999999,
"longitude": -86.39943869999999
}
},
"latitudeAdjustmentMethod": "ANGLE_BASED",
"midnightMode": "STANDARD",
"school": "STANDARD",
"offset": {
"Imsak": 0,
"Fajr": 0,
"Sunrise": 0,
"Dhuhr": 0,
"Asr": 0,
"Maghrib": 0,
"Sunset": 0,
"Isha": 0,
"Midnight": 0
}
}
}
]
}
